title,company,location,link
Python Developer,TechSoft,"Bangalore, India",https://www.indeed.com/q-python-developer-jobs.html
Data Analyst,DataWorks,"Hyderabad, India",https://www.indeed.com/q-data-analyst-jobs.html
Full Stack Engineer,InnovateX,"Chennai, India",https://www.indeed.com/q-full-stack-developer-jobs.html
Machine Learning Engineer,AI Labs,"Pune, India",https://www.indeed.com/q-machine-learning-engineer-jobs.html
Backend Developer,CloudNet,"Delhi, India",https://www.indeed.com/q-backend-developer-jobs.html
Frontend Developer,WebWorks,"Mumbai, India",https://www.indeed.com/q-frontend-developer-jobs.html
DevOps Engineer,SysOps Ltd,"Noida, India",https://www.indeed.com/q-devops-engineer-jobs.html
AI Researcher,DeepAI,"Bangalore, India",https://www.indeed.com/q-ai-researcher-jobs.html
Cloud Architect,CloudMasters,"Hyderabad, India",https://www.indeed.com/q-cloud-architect-jobs.html
Database Administrator,DataSecure,"Chennai, India",https://www.indeed.com/q-database-administrator-jobs.html
Cybersecurity Analyst,SafeNet,"Pune, India",https://www.indeed.com/q-cybersecurity-analyst-jobs.html
Software Engineer,TechGlobal,"Delhi, India",https://www.indeed.com/q-software-engineer-jobs.html
Big Data Engineer,DataLake,"Bangalore, India",https://www.indeed.com/q-big-data-engineer-jobs.html
Business Analyst,BizSolutions,"Hyderabad, India",https://www.indeed.com/q-business-analyst-jobs.html
QA Engineer,QualityTech,"Mumbai, India",https://www.indeed.com/q-qa-engineer-jobs.html
Mobile App Developer,AppDev,"Chennai, India",https://www.indeed.com/q-mobile-app-developer-jobs.html
Data Scientist,DataVision,"Pune, India",https://www.indeed.com/q-data-scientist-jobs.html
System Administrator,NetSys,"Delhi, India",https://www.indeed.com/q-system-administrator-jobs.html
Cloud Engineer,CloudNext,"Bangalore, India",https://www.indeed.com/q-cloud-engineer-jobs.html
AI Product Manager,SmartAI,"Hyderabad, India",https://www.indeed.com/q-ai-product-manager-jobs.html
Tech Lead,LeadTech,"Chennai, India",https://www.indeed.com/q-tech-lead-jobs.html
Solutions Architect,Innovarch,"Pune, India",https://www.indeed.com/q-solutions-architect-jobs.html
UI/UX Designer,DesignHub,"Mumbai, India",https://www.indeed.com/q-ui-ux-designer-jobs.html
Game Developer,PlayWorks,"Bangalore, India",https://www.indeed.com/q-game-developer-jobs.html
IT Support Engineer,HelpDeskPro,"Delhi, India",https://www.indeed.com/q-it-support-engineer-jobs.html
